Product Name,Product_type,Product Locality,Product Rating,Price,Name
Udta Punjab,"Budget Eats
                                    Cost for two: ‚Çπ400","Sector 11, Rohini, New Delhi.",4.9,11 visits,‚Çπ35 ‚Çπ55 ‚Çπ75 ‚Çπ130 ‚Çπ150 ‚Çπ170 ‚Çπ180 ‚Çπ180 ‚Çπ190 ‚Çπ240 ‚Çπ240 ‚Çπ250 ‚Çπ270 ‚Çπ290 ‚Çπ330 ‚Çπ170 ‚Çπ180 ‚Çπ180 ‚Çπ200 ‚Çπ220 ‚Çπ220 ‚Çπ250 ‚Çπ250 ‚Çπ170 ‚Çπ170 ‚Çπ200 ‚Çπ120 ‚Çπ120 ‚Çπ120 ‚Çπ120 ‚Çπ140 ‚Çπ140 ‚Çπ150 ‚Çπ150 ‚Çπ150 ‚Çπ150 ‚Çπ150 ‚Çπ150 ‚Çπ170 ‚Çπ170 ‚Çπ170 ‚Çπ170 ‚Çπ400 ‚Çπ220 ‚Çπ240 ‚Çπ270 ‚Çπ280 ‚Çπ280 ‚Çπ330 ‚Çπ330 ‚Çπ330 ‚Çπ350 ‚Çπ350 ‚Çπ380 ‚Çπ180 ‚Çπ270 ‚Çπ270 ‚Çπ270 ‚Çπ270 ‚Çπ270 ‚Çπ270 ‚Çπ270 ‚Çπ270 ‚Çπ270 ‚Çπ270 ‚Çπ270 ‚Çπ270 ‚Çπ270 ‚Çπ270 ‚Çπ270 ‚Çπ290 ‚Çπ510 ‚Çπ300 ‚Çπ350 ‚Çπ400 ‚Çπ470 ‚Çπ180 ‚Çπ180 ‚Çπ190 ‚Çπ190 ‚Çπ210 ‚Çπ210 ‚Çπ230 ‚Çπ230 ‚Çπ240 ‚Çπ250 ‚Çπ270 ‚Çπ270 ‚Çπ270 ‚Çπ270 ‚Çπ270 ‚Çπ290 ‚Çπ290 ‚Çπ290 ‚Çπ290 ‚Çπ290 ‚Çπ310 ‚Çπ310 ‚Çπ310 ‚Çπ310 ‚Çπ330 ‚Çπ330 ‚Çπ150 ‚Çπ150 ‚Çπ150 ‚Çπ170 ‚Çπ170 ‚Çπ180 ‚Çπ180 ‚Çπ12 ‚Çπ15 ‚Çπ15 ‚Çπ35 ‚Çπ45 ‚Çπ45 ‚Çπ45 ‚Çπ45 ‚Çπ55 ‚Çπ55 ‚Çπ59 ‚Çπ70 ‚Çπ75 ‚Çπ80 ‚Çπ110 ‚Çπ130 ‚Çπ240 ‚Çπ270 ‚Çπ270 ‚Çπ270 ‚Çπ270 ‚Çπ290 ‚Çπ310 ‚Çπ310 ‚Çπ200 ‚Çπ220 ‚Çπ240 ‚Çπ270 ‚Çπ270 ‚Çπ130 ‚Çπ140 ‚Çπ150 ‚Çπ150 ‚Çπ160 ‚Çπ160 ‚Çπ180 ‚Çπ200 ‚Çπ210 ‚Çπ170 ‚Çπ240 ‚Çπ220 ‚Çπ240 ‚Çπ240 ‚Çπ240 ‚Çπ280 ‚Çπ280 ‚Çπ280 ‚Çπ140 ‚Çπ200 ‚Çπ220 ‚Çπ220 ‚Çπ120 ‚Çπ120 ‚Çπ120 ‚Çπ140 ‚Çπ150 ‚Çπ150 ‚Çπ150 ‚Çπ170 ‚Çπ200 ‚Çπ220 ‚Çπ220 ‚Çπ240 ‚Çπ270 ‚Çπ150 ‚Çπ170 ‚Çπ180 ‚Çπ180 ‚Çπ220 ‚Çπ240 ‚Çπ100 ‚Çπ55 ‚Çπ200,
Momo Junction,"Delivery Only
                                    Cost for two: ‚Çπ500","Uttam Nagar, New Delhi.",3.7,13 visits,‚Çπ129 ‚Çπ152 ‚Çπ180 ‚Çπ210 ‚Çπ214 ‚Çπ214 ‚Çπ214 ‚Çπ219 ‚Çπ219 ‚Çπ224 ‚Çπ224 ‚Çπ224 ‚Çπ224 ‚Çπ229 ‚Çπ229 ‚Çπ229 ‚Çπ236 ‚Çπ237 ‚Çπ238 ‚Çπ240 ‚Çπ243 ‚Çπ248 ‚Çπ248 ‚Çπ248 ‚Çπ252 ‚Çπ170 ‚Çπ237 ‚Çπ180 ‚Çπ305 ‚Çπ229 ‚Çπ214 ‚Çπ224 ‚Çπ219 ‚Çπ219 ‚Çπ210 ‚Çπ229 ‚Çπ224 ‚Çπ224 ‚Çπ229 ‚Çπ15 ‚Çπ21 ‚Çπ94 ‚Çπ100 ‚Çπ152 ‚Çπ85 ‚Çπ85 ‚Çπ240 ‚Çπ243 ‚Çπ238 ‚Çπ236 ‚Çπ248 ‚Çπ252 ‚Çπ224 ‚Çπ237 ‚Çπ252 ‚Çπ86 ‚Çπ86 ‚Çπ86 ‚Çπ86 ‚Çπ123 ‚Çπ129 ‚Çπ124 ‚Çπ324 ‚Çπ248 ‚Çπ371 ‚Çπ410 ‚Çπ329 ‚Çπ305 ‚Çπ324 ‚Çπ248 ‚Çπ333 ‚Çπ329 ‚Çπ405 ‚Çπ362 ‚Çπ267 ‚Çπ400 ‚Çπ281 ‚Çπ324 ‚Çπ343 ‚Çπ324 ‚Çπ343 ‚Çπ357 ‚Çπ238 ‚Çπ276 ‚Çπ281 ‚Çπ271 ‚Çπ281 ‚Çπ214 ‚Çπ276 ‚Çπ281 ‚Çπ214 ‚Çπ281 ‚Çπ285 ‚Çπ271 ‚Çπ290 ‚Çπ300 ‚Çπ300 ‚Çπ300 ‚Çπ300 ‚Çπ300 ‚Çπ276 ‚Çπ276 ‚Çπ161 ‚Çπ161 ‚Çπ161 ‚Çπ105 ‚Çπ142 ‚Çπ123 ‚Çπ123 ‚Çπ233 ‚Çπ243 ‚Çπ267 ‚Çπ276 ‚Çπ142 ‚Çπ161 ‚Çπ180,Butter Egg Bhurji Oreo Shake Normal Thali Tawa Neutry+4Butter Roti Kadhai Chaap+4Butter Roti Egg Curry 2pcs+ 4 Tawa Roti Egg Bhuji + 4 Tawa Roti Chaap Butter Masala+4Butter Roti Paneer Lababedar+4Butter Roti Matar Paneer+4Butter Roti Dal Makhni Spl+4Butter Roti Chana Masala+4Butter Roti Matar Paneer Gravy Tawa Chaap+4Butter Roti Shahi Paneer+4Butter Roti Paneer Butter Masala +4Butter Roti Paneer Makhni Matar Paneer Butter Masala Paneer Lababedar Shahi Paneer Kadhai Paneer Spl Kadhai Paneer Butter Masala Mutton Seekh Kabab (Dry) Chicken Seekh Kabab(Dry) Paneer Lababedar Butter Masala Mini Thali Shahi Thali Normal Thali Deluxe Thali Tawa Chaap+4Butter Roti Kadhai Chaap+4Butter Roti Matar Paneer+4Butter Roti Chaap Butter Masala+4Butter Roti Paneer Lababedar+4Butter Roti Tawa Neutry+4Butter Roti Shahi Paneer+4Butter Roti Dal Makhni Spl+4Butter Roti Chana Masala+4Butter Roti Paneer Butter Masala +4Butter Roti Tawa Roti Tawa Roti Butter Aloo Prantha Aloo Pyaz Prantha Oreo Shake Masala Jeera Soda Masala Lemon Pani Shahi Paneer Kadhai Paneer Spl Paneer Lababedar Paneer Makhni Kadhai Paneer Butter Masala Paneer Lababedar Butter Masala Matar Paneer Gravy Matar Paneer Butter Masala Paneer Makhni Butter Masala Tomato Soup üç≤ Manchow Soup üç≤ Sweet Corn Soup üç≤ Mix Veg Soup üç≤ Egg Bhurji Delight Butter Egg Bhurji Butter Bread Omelette Butter Masala Chicken Seekh Kabab Mutton Seekh Kabab (Dry) Butter Chicken üêî Butter Chicken Boneless Tawa Chicken Kabab Gravy Chicken Seekh Kabab Creamy Butter Masala Mutton Kabab Chicken Seekh Kabab(Dry) Tawa Mutton Kabab Gravy Tawa Chicken Kabab Gravy Kadhai Chicken Chicken Changezi Spl Mutton Seekh Kabab Creamy Tawa Chicken Special Chicken Fry üêî Chicken Fry In Creamy&Butter Dahi Chicken üêî Lemon Chicken Kali Mirch Chicken Mutton Seekh Kabab + 4 Roti Butter Chicken + 4 Roti Tawa Chicken Kabab + 4 Roti Kadhai Chicken + 4 Roti Chicken Changezi + 4 Roti Egg Curry 2pcs+ 4 Tawa Roti Butter Mutton Kabab + 4 Tawa Roti Butter Masala Chicken Kabab + 4 Roti Egg Bhuji + 4 Tawa Roti Lemon Chicken + 4 Tawa Roti Kali Mirch Chicken +4 Tawa Roti Dahi Chicken + 4 Tawa Roti Tawa Mutton Kabab +4 Tawa Roti Butter Chicken Boneless + 4 Tawa Roti Butter Masala Chicken Seekh +4 Tawa Roti Butter Masala Mutton Seekh +4Tawa Roti Butter Masala Tawa Chicken + 4Tawa Roti Butter Masala Kadhai Chicken+4 Tawa Roti Tawa Chicken + 4 Tawa Roti Chicken Seekh Kabab + 4 Tawa Roti Malai Chaap Gravy With 2 Rumali Roti Afgani Chaap Gravy With 2 Rumali Roti Tandoori Chaap Gravy With 2 Rumali Roti Plain Maggi Paneer Masala Maggi Double Masala Maggi Butter Maggi Dal Makhni Dal Makhni With Rice Matar Paneer With Rice Chana Masala Shahi Punjabi Lassi Fully Loaded Lassi Dry Fruit Lassi
Pizza Buddy By Soda Junction,"Budget Eats
                                    Cost for two: ‚Çπ400","Naraina, New Delhi.",3.4,24 visits,‚Çπ59 ‚Çπ69 ‚Çπ140 ‚Çπ70 ‚Çπ80 ‚Çπ60 ‚Çπ80 ‚Çπ80 ‚Çπ89 ‚Çπ90 ‚Çπ90 ‚Çπ90 ‚Çπ90 ‚Çπ100 ‚Çπ109 ‚Çπ120 ‚Çπ90 ‚Çπ109 ‚Çπ85 ‚Çπ85 ‚Çπ85 ‚Çπ85 ‚Çπ90 ‚Çπ140 ‚Çπ70 ‚Çπ80 ‚Çπ90 ‚Çπ90 ‚Çπ80 ‚Çπ110 ‚Çπ150 ‚Çπ90 ‚Çπ90 ‚Çπ100 ‚Çπ120 ‚Çπ110 ‚Çπ80 ‚Çπ29 ‚Çπ25 ‚Çπ79 ‚Çπ59 ‚Çπ89 ‚Çπ69 ‚Çπ160 ‚Çπ60 ‚Çπ80 ‚Çπ90,Veg Grilled Sandwich Tandoori Veg Grilled Sandwich Onion Cheese Onion And Corn Cheese Alloo Tikki Onion And Capsicum Cheese Mozzarella Paneer And Onion Masala Fries Paneer And Onion Cheese Corn And Paneer Corn Mozzarella Double Tikki Burger Paneer Mozzarella Vanilla Shake Cheese Fries Chocolate Shake Vanilla Shake Lime Mojito Orange Mojito Blueberry Mojito Strawberry Mojito Plain Mozzarella Onion Cheese Onion And Corn Cheese Paneer And Onion Cheese Corn And Paneer Onion And Capsicum Cheese Paneer And Olive Cheese Special Cheese Pizza Corn Mozzarella Capsicum Mozzarella Paneer Mozzarella Mix Mozzarella Mozzarella Black Olive Mozzarella Paneer And Onion Water Bottle Lassi Paneer Grilled Sandwich Veg Grilled Sandwich Tandoori Paneer Sandwich Tandoori Veg Grilled Sandwich Cheeese Grilled Alloo Tikki Aalloo Paneer Burger Double Tikki Burger
Janakpuri Veg Non Veg Junction,"Delivery Only
                                    Cost for two: ‚Çπ200","Dwarka Mor, Najafgarh, New Delhi.",4.1,24 visits,‚Çπ223.8095 ‚Çπ233.3333 ‚Çπ242.8571 ‚Çπ242.8571 ‚Çπ300 ‚Çπ304.7619 ‚Çπ338.0952 ‚Çπ340.9524 ‚Çπ350.4762 ‚Çπ352.381 ‚Çπ352.381 ‚Çπ300 ‚Çπ223.8095 ‚Çπ233.3333 ‚Çπ242.8571 ‚Çπ242.8571 ‚Çπ242.8571 ‚Çπ242.8571 ‚Çπ242.8571 ‚Çπ242.8571 ‚Çπ242.8571 ‚Çπ233.3333 ‚Çπ242.8571 ‚Çπ247.619 ‚Çπ18.0952 ‚Çπ26.6667 ‚Çπ447.619 ‚Çπ465.7143 ‚Çπ371.4286 ‚Çπ370.4762 ‚Çπ295.2381 ‚Çπ361.9048 ‚Çπ328.5714 ‚Çπ338.0952 ‚Çπ280.9524 ‚Çπ361.9048 ‚Çπ419.0476 ‚Çπ376.1905 ‚Çπ409.5238 ‚Çπ328.5714 ‚Çπ368.5714 ‚Çπ366.6667 ‚Çπ371.4286 ‚Çπ395.2381 ‚Çπ352.381 ‚Çπ333.3333 ‚Çπ338.0952 ‚Çπ340 ‚Çπ340.9524 ‚Çπ261.9048 ‚Çπ357.1429 ‚Çπ347.619 ‚Çπ347.619 ‚Çπ350.4762 ‚Çπ338.0952 ‚Çπ347.619 ‚Çπ351.4286 ‚Çπ354.2857 ‚Çπ354.2857 ‚Çπ347.619 ‚Çπ246.6667 ‚Çπ255.2381 ‚Çπ246.6667 ‚Çπ136.1905 ‚Çπ147.619 ‚Çπ180 ‚Çπ151.4286 ‚Çπ271.4286 ‚Çπ271.4286 ‚Çπ304.7619 ‚Çπ176.1905 ‚Çπ170.4762 ‚Çπ211.4286 ‚Çπ170.4762 ‚Çπ113.3333 ‚Çπ113.3333 ‚Çπ113.3333 ‚Çπ113.3333 ‚Çπ151.4286 ‚Çπ160.9524 ‚Çπ164.7619 ‚Çπ113.3333 ‚Çπ113.3333 ‚Çπ276.1905 ‚Çπ275.2381 ‚Çπ274.2857 ‚Çπ278.0952 ‚Çπ294.2857 ‚Çπ301.9048 ‚Çπ278.0952 ‚Çπ284.7619 ‚Çπ304.7619 ‚Çπ314.2857 ‚Çπ152.381 ‚Çπ177.1429 ‚Çπ180.9524,
Hungry Bitess,"Delivery and Takeaway
                                    Cost for two: ‚Çπ500","Sector 7, Dwarka, Palam Extn, New Delhi.",4.4,6 visits,‚Çπ145 ‚Çπ170 ‚Çπ194 ‚Çπ209 ‚Çπ209 ‚Çπ209 ‚Çπ209 ‚Çπ209 ‚Çπ300 ‚Çπ301 ‚Çπ314 ‚Çπ314 ‚Çπ353 ‚Çπ366 ‚Çπ432 ‚Çπ432 ‚Çπ458 ‚Çπ432 ‚Çπ458 ‚Çπ445 ‚Çπ327 ‚Çπ314 ‚Çπ314 ‚Çπ314 ‚Çπ327 ‚Çπ314 ‚Çπ314 ‚Çπ300 ‚Çπ300 ‚Çπ300 ‚Çπ379 ‚Çπ327 ‚Çπ406 ‚Çπ340 ‚Çπ314 ‚Çπ219 ‚Çπ229 ‚Çπ269 ‚Çπ279 ‚Çπ320 ‚Çπ320 ‚Çπ320 ‚Çπ320 ‚Çπ320 ‚Çπ320 ‚Çπ320 ‚Çπ320 ‚Çπ320 ‚Çπ300 ‚Çπ366 ‚Çπ366 ‚Çπ366 ‚Çπ300 ‚Çπ389 ‚Çπ366 ‚Çπ314 ‚Çπ209 ‚Çπ209 ‚Çπ209 ‚Çπ209 ‚Çπ209 ‚Çπ209 ‚Çπ209 ‚Çπ209 ‚Çπ209 ‚Çπ209 ‚Çπ209 ‚Çπ145 ‚Çπ170 ‚Çπ260 ‚Çπ194 ‚Çπ170 ‚Çπ183 ‚Çπ195 ‚Çπ195 ‚Çπ183 ‚Çπ196 ‚Çπ195 ‚Çπ170 ‚Çπ183 ‚Çπ287 ‚Çπ314 ‚Çπ209 ‚Çπ195 ‚Çπ195 ‚Çπ198 ‚Çπ186 ‚Çπ186 ‚Çπ172 ‚Çπ186 ‚Çπ198 ‚Çπ186 ‚Çπ186 ‚Çπ314 ‚Çπ314 ‚Çπ314 ‚Çπ314 ‚Çπ314 ‚Çπ300 ‚Çπ300 ‚Çπ314 ‚Çπ314 ‚Çπ327 ‚Çπ294 ‚Çπ320 ‚Çπ307 ‚Çπ307 ‚Çπ320 ‚Çπ320 ‚Çπ334 ‚Çπ361 ‚Çπ334 ‚Çπ361 ‚Çπ419 ‚Çπ419 ‚Çπ419 ‚Çπ393 ‚Çπ419 ‚Çπ392,Aloo Tikki Burger Crispy Veg Burger Veggie Burger Veg Momos Veg Chilli Garlic Noodles Veg Singapore Noodles Veg Fried Rice Veg Schezwan Fried Rice Veg Manchurian Gravy Chicken Wheat Momos Crispy Honey Chilli Potatoes Crispy Corn Honey Chilly Potato + Coke [ 250 Ml ] Veg White Sauce Pasta Veg Manchurian Gravy Meal Veg Manchurian Gravy Meal Chicken Manchurian Meal Chilly Mushroom Gravy Meal Chilly Chicken [ Gravy ] Meal Drumsticks [ 5pcs] + Coke [ 250 Ml ] Crispy Chilli Baby Corn Chilli Potato Crispy Honey Chilli Potatoes Veg Salt & Pepper Mushroom Salt And Pepper Crispy Corn Veg Spring Roll (8 Pcs) Chowmein Spring Roll [8Pcs] Veg Manchurian Dry Chilli Mushroom Dry Southwest Cheese Spring Roll (8 Pcs) Crispy Honey Chilli Baby Corn Kurkure Southwest Cheese Spring Roll (8 Pcs) Kurkure Veg Spring Roll (8 Pcs) Kurkure Chowmein Spring Roll [8Pcs] Veg Kurkure Momos Veg Kurkure Wheat Momos Chicken Kurkure Momos Chicken Kurkure Wheat Momos Red Sauce Momos Makhani Momos Manchurian Momos Schezwan Sauce Momos Hot Garlic Sauce Momos Kadhai Momos White Sauce Momos Rogan Josh Momos Special Sauce Momos Veg Manchurian Gravy Vegetable In Hot Garlic Sauce Vegetable In Schezwan Sauce Vegetable In Black Bean Sauce Veg Chopsuey Veg Red Thai Curry Veg Green Thai Curry Chilli Mushroom Gravy Veg Noodles Veg Hakka Noodles Veg Butter Pepper Garlic Noodles Veg Chilli Garlic Noodles Veg Singapore Noodles Veg Schezwan Noodles Steamed Rice Veg Fried Rice Veg Schezwan Fried Rice Veg Chilli Garlic Fried Rice Veg Singapore Fried Rice Aloo Tikki Burger Crispy Veg Burger Veg Cheese Melt Burger Veggie Burger Classic Fries Masala Fries Peri - Peri Fries Cheesy Chipotle Fries Lemon Pepper Fries Cheesy Lemon Pepper Fries Cheesy Masala Fries Plain Garlic Bread [2 Pcs ] Cheese Garlic Bread [ 2Pcs ] Cheese Garlic Bread (5 Round Pcs) Supreme Garlic Bread (5 Round Pcs) Cheesy Fries Cheesy Peri - Peri Fries Chipotle Fries Veg Manchow Soup Veg Hot And Sour Soup Veg Sweet Corn Soup Veg Clear Soup With Noodles Veg Lemon Coriander Soup Veg Talumein Soup Veg Tom Yum Soup Cream Of Tomato Soup Cold Coffee Strawberry Shake Chocolate Shake Vanilla Shake Pineapple Shake Veg Momo Burger Veggie Cheese Sandwich Cheese N Corn Sandwich Tandoori Veggie Sandwich Pizza Sandwich Plain Masala Maggi Plain Vegetable Maggi Butter Masala Maggi Plain Double Masala Maggi Butter Double Masala Maggi Butter Vegetable Maggi Plain Cheese Maggi Vegetable Cheese Maggi Plain Chilli Cheese Maggi Vegetable Chilli Cheese Maggi ChickenSteam Momo2Pcs+ChickenTandoori Momo2Pcs+ChickenAchari Momo2Pcs ChickenSteam Momo2Pcs+ChickenKurkure Momo2Pcs+ChickenTandoori Momo2Pcs ChickenKurkure Momo2Pcs+ChickenTandoori Momo2Pcs+ChickenAchai Momo2Pcs Veg Steam Momo 2pcs+Veg Kurkure Momo2pcs+Veg Tandoori Momo2pcs ChickenFried Momo2Pcs+ChickenKurkure Momo2Pcs+ChickenAchari Momo2Pcs Veg Kurkure Momo2Pcs+Veg Tandoori Momo2Pcs+Veg Achari Momos2Pcs
Shriram snackshub,"Quick Bites
                                    Cost for two: ‚Çπ450","Dwarka, Sector 18, Dwarka, New Delhi.",3.5,37 visits,‚Çπ49 ‚Çπ49 ‚Çπ69 ‚Çπ49 ‚Çπ99 ‚Çπ79 ‚Çπ69 ‚Çπ59 ‚Çπ39 ‚Çπ49 ‚Çπ120 ‚Çπ169 ‚Çπ159 ‚Çπ49 ‚Çπ89 ‚Çπ79 ‚Çπ89 ‚Çπ50 ‚Çπ79 ‚Çπ69 ‚Çπ49 ‚Çπ49 ‚Çπ39 ‚Çπ49 ‚Çπ59 ‚Çπ69 ‚Çπ59 ‚Çπ59 ‚Çπ69 ‚Çπ99 ‚Çπ89 ‚Çπ99 ‚Çπ99 ‚Çπ99 ‚Çπ89 ‚Çπ89 ‚Çπ99 ‚Çπ99 ‚Çπ49 ‚Çπ59 ‚Çπ49 ‚Çπ49 ‚Çπ69 ‚Çπ59 ‚Çπ69 ‚Çπ59 ‚Çπ69 ‚Çπ69 ‚Çπ59 ‚Çπ79 ‚Çπ99 ‚Çπ99 ‚Çπ39 ‚Çπ49 ‚Çπ49 ‚Çπ79 ‚Çπ79 ‚Çπ79 ‚Çπ79 ‚Çπ39 ‚Çπ49,
RFC Pizza point,"Quick Bites
                                    Cost for two: ‚Çπ300","Rohini, Pitampura, New Delhi.",4.1,3 visits,‚Çπ120 ‚Çπ120 ‚Çπ120 ‚Çπ130 ‚Çπ130 ‚Çπ130,Jalapeno Olive Double Topping Pizza Corn Capsicum Double Topping Pizza Onion And Capsicum Double Topping Pizza Onion And Paneer Double Topping Pizza Capsicum Paneer Double Topping Pizza Corn Paneer Double Topping Pizza
Phulka Box - Seedha Ghar Se,"Quick Bites
                                    Cost for two: ‚Çπ450","Sector 7, Dwarka, Palam Extn, New Delhi.",5.0,1 visits,‚Çπ110 ‚Çπ225 ‚Çπ225 ‚Çπ225 ‚Çπ225 ‚Çπ225 ‚Çπ160 ‚Çπ160 ‚Çπ160 ‚Çπ160 ‚Çπ140 ‚Çπ90 ‚Çπ140 ‚Çπ110 ‚Çπ110 ‚Çπ110 ‚Çπ90 ‚Çπ10 ‚Çπ15 ‚Çπ80 ‚Çπ100 ‚Çπ80,Kadi Pakoda Mixed Dal With Aloo Gobi And 4 Roti Rajma With Aloo Gobi And 4 Roti Mixed Dal With Rajma And 4 Roti Mixed Dal With Baingan Ka Bharta And 4 Roti Mixed Dal With White Chana And 4 Roti Mix Dal With Rice Kadhi Pakoda With Rice White Chana With Rice Yellow Dal With Rice Aloo Gobi Mix Dal Baingan Ka Bhartha Kadi Pakoda Rajma White Chana Yellow Dal Ghar Ka Phulka Phulka With Desi Ghee Boiled Basmati Rice Boondi Raita Garden Green Salad
Pizza Vizza,"Budget Eats
                                    Cost for two: ‚Çπ400","Mayur Vihar Phase 1, Pandav Nagar, New Delhi.",4.2,142 visits,‚Çπ109 ‚Çπ149 ‚Çπ149 ‚Çπ169 ‚Çπ199 ‚Çπ209 ‚Çπ249 ‚Çπ299 ‚Çπ279 ‚Çπ389 ‚Çπ299 ‚Çπ399 ‚Çπ299 ‚Çπ249 ‚Çπ399 ‚Çπ599 ‚Çπ459 ‚Çπ199 ‚Çπ199 ‚Çπ199 ‚Çπ129 ‚Çπ119 ‚Çπ99 ‚Çπ119 ‚Çπ109 ‚Çπ99 ‚Çπ119 ‚Çπ79 ‚Çπ189 ‚Çπ199 ‚Çπ229 ‚Çπ99,Cheese Garlic Bread Simply Veg Pizza Spicy Indian Pizza Cheese And BBQ Pizza Double Cheese Pizza Paneer Makhani Pizza Chicken Tandoori Pizza Veggie Singles Combo Of 4 Regular Farmhouse + Cheese Garlic Bread + Pepsi [250 Ml] Medium Paneer Makhani + Cheese Garlic Bread + Molten Lava Cake Regular Veggie Pataka + Cheese Garlic Bread + Pepsi [250 Ml] Medium Veggie Pataka + Cheese Garlic Bread + Molten Lava Cake Veg Singles Combo Veg Combo 1 Veg Combo 2 Veg Combo 3 2 R.veg Pizza + Garlic Bread + Coke + Lava Cake Chicken Tikka Masala Pizza Mutton Keema Pizza Chicken Keema Pizza Chicken Garlic Bread Chicken Tikka Wrap Paneer Tikka Wrap Chicken Tikka Toasties Cheese Garlic Bread Paneer Tikka Toastie Garlic Bread Spicy Molten Lava Cake Danny's Signature Burger 2 Pc. Crispy Chicken 6 Pc. Hot & Crispy Chicken Wings Veggie Decker
Munch Nation,"Casual Dining
                                    Cost for two: ‚Çπ500","Jail Road, Janakpuri, New Delhi.",3.7,382 visits,‚Çπ80 ‚Çπ80 ‚Çπ100 ‚Çπ100 ‚Çπ100 ‚Çπ100 ‚Çπ109 ‚Çπ110 ‚Çπ119 ‚Çπ119 ‚Çπ155 ‚Çπ165 ‚Çπ175 ‚Çπ200 ‚Çπ225 ‚Çπ250 ‚Çπ325 ‚Çπ110 ‚Çπ109 ‚Çπ119 ‚Çπ119 ‚Çπ275 ‚Çπ210 ‚Çπ250 ‚Çπ220 ‚Çπ160 ‚Çπ160 ‚Çπ160 ‚Çπ160 ‚Çπ160 ‚Çπ160 ‚Çπ180 ‚Çπ180 ‚Çπ180 ‚Çπ180 ‚Çπ180 ‚Çπ180 ‚Çπ300 ‚Çπ280 ‚Çπ300 ‚Çπ280 ‚Çπ280 ‚Çπ380 ‚Çπ380 ‚Çπ380 ‚Çπ250 ‚Çπ380 ‚Çπ380 ‚Çπ280 ‚Çπ350 ‚Çπ280 ‚Çπ240 ‚Çπ220 ‚Çπ280 ‚Çπ280 ‚Çπ300 ‚Çπ300 ‚Çπ300 ‚Çπ350 ‚Çπ350 ‚Çπ350 ‚Çπ380 ‚Çπ300 ‚Çπ350 ‚Çπ300 ‚Çπ350 ‚Çπ275 ‚Çπ275 ‚Çπ275 ‚Çπ300 ‚Çπ300 ‚Çπ300 ‚Çπ275 ‚Çπ300 ‚Çπ300 ‚Çπ300 ‚Çπ300 ‚Çπ300 ‚Çπ300 ‚Çπ300 ‚Çπ350 ‚Çπ350 ‚Çπ350 ‚Çπ350 ‚Çπ350 ‚Çπ325 ‚Çπ350 ‚Çπ100 ‚Çπ175 ‚Çπ80 ‚Çπ125 ‚Çπ125 ‚Çπ175 ‚Çπ225 ‚Çπ165 ‚Çπ150 ‚Çπ160 ‚Çπ110 ‚Çπ110 ‚Çπ185 ‚Çπ225 ‚Çπ250 ‚Çπ120 ‚Çπ195 ‚Çπ195 ‚Çπ215 ‚Çπ215 ‚Çπ195 ‚Çπ195 ‚Çπ215 ‚Çπ215 ‚Çπ215 ‚Çπ165 ‚Çπ135 ‚Çπ155 ‚Çπ135 ‚Çπ245 ‚Çπ155 ‚Çπ155 ‚Çπ155 ‚Çπ165 ‚Çπ165 ‚Çπ275 ‚Çπ275 ‚Çπ155 ‚Çπ265 ‚Çπ265 ‚Çπ240 ‚Çπ275 ‚Çπ325 ‚Çπ80 ‚Çπ110 ‚Çπ125 ‚Çπ145 ‚Çπ110 ‚Çπ110 ‚Çπ125 ‚Çπ145 ‚Çπ245 ‚Çπ275 ‚Çπ159 ‚Çπ159 ‚Çπ159 ‚Çπ159 ‚Çπ159 ‚Çπ159,Aloo Burger Maggi Masala [Serves 1] Veg Burger Virgin Mojito Fizz Kiwi Crush Fizz Kala Khatta Fizz Paneer Shawarma Veg Maggi Masala Paneer Shawarma Burger Kurkure Paneer Shawarma Chicken Steamed Momos Grilled Chicken Burger Veg Masala Fries Desi Noodles American Chicken Hammer Burger Chicken Lollipop Chicken Tikka Club Sandwich Brownie Paneer Shawarma Paneer Shawarma Burger Kurkure Paneer Shawarma Paneer Shawarma Pizza Paneer Shawarma Sandwich Diet Chicken Sandwich Diet Veg Sandwich Veg Sweet Corn Soup Veg Hot And Sour Soup Veg Manchow Soup Veg Talumein Soup Veg Lemon And Coriander Soup Veg Clear Soup Chicken Sweet Corn Soup Chicken Hot And Sour Soup Chicken Manchow Soup Chicken Talumein Soup Chicken Clear Soup Chicken Lemon And Coriander Soup Crispy Paneer Crispy Soya Chaap Crispy Mushroom Chicken Spring Roll Chilli Chicken[dry] Lemon Chicken Crispy Honey Chicken Chicken Salt And Pepper Chicken Lollipop Chicken Drums Of Heaven Chicken Wings Special Creamy Lollipop Schezwan Chicken Chicken Manchurian Dry Chilli Paneer Gravy Veg Manchurian Gravy Chilli Chicken Gravy Chicken Manchurian Gravy Veg Schezwan Sauce Veg Hot Garlic Sauce Chilli Chaap Gravy Chicken Schezwan Sauce Chicken Black Pepper Sauce Chicken Hot Garlic Sauce Lemon Chicken Gravy Veg American Chopsuey Chicken American Chopsuey Veg Chinese Chopsuey Chicken Chinese Chopsuey Margherita Pizza Veg China House Pizza Cheese Corn Pizza Chicken Tikka Pizza Mutton Pizza Peri Peri Chicken Pizza Large House Pizza Chicken China House Pizza Chicken Large House Pizza Veg White Sauce Pasta Veg Red Sauce Pasta Veg Tandoori Pasta Veg Mixed Pasta Veg Smoked Pasta Non Veg White Sauce Pasta Chicken Red Sauce Pasta Chicken Tandoori Pasta Chicken Mixed Pasta Chicken Smoked Pasta Veg Lasagna Baked Pasta Chicken Lasagna Baked Pasta Veg Burger Paneer American Burger Aloo Burger Veg Momo Burger Chicken Burger Chicken Tikka American Burger American Chicken Hammer Burger Grilled Chicken Burger Chicken Momo Burger Veg American Burger Paneer Burger Crispy Soya Patty Burger Chicken American Burger Lusty Chicken Burger With Egg American Fish Hammer Burger Spicy Chaap Burger Crispy Paneer Wrap Chilli Paneer Wrap Crispy Chicken Wraps Mutton Wrap Crispy Chaap Wrap Special Veg Wrap Chilli Chicken Wraps Chicken Tikka Wraps Chicken Shawarma Wraps Crispy Chicken Momos Veg Fried Momos Veg Crispy Fusion Momos Veg Steamed Momos [4 Pieces] Veg Steamed Momos [8 Pieces] Veg Tandoori Fusion Momos Chicken Fried Momos Chicken Steamed Momos Chicken Tandoori Fusion Momos Chicken Afghani Fusion Momos Chicken Cocktail Fusion Momos Chicken Chilli Fusion Momos [8 Pieces] Veg Afghani Fusion Momos Veg Chilli Fusion Momos [8 Pieces] Veg Cocktail Fusion Momos Cheese Round Garlic Bread Veg Round Garlic Bread Chicken Tikka Round Garlic Bread Maggi Masala [Serves 1] Veg Maggi Masala Cheese Maggi Masala Chicken Maggi Masala Garlic Maggi Masala Butter Masala Maggi Egg Maggi Masala Nachos With Dip Veg Baked Nachos Chicken Baked Nachos Choco Peanut Butter Shake Bubble Gum Shake Peanut Butter Shake Brownie Shake Nutella Banana Shake Banana With Coffee Shake
Swadisht Restaurant,"Budget Eats
                                    Cost for two: ‚Çπ300","East Jyoti Nagar, New Delhi.",3.9,842 visits,‚Çπ120 ‚Çπ150 ‚Çπ180 ‚Çπ199 ‚Çπ220 ‚Çπ220 ‚Çπ210 ‚Çπ199 ‚Çπ199 ‚Çπ150 ‚Çπ189 ‚Çπ140 ‚Çπ170 ‚Çπ249 ‚Çπ299 ‚Çπ499 ‚Çπ60 ‚Çπ80 ‚Çπ80 ‚Çπ80 ‚Çπ80 ‚Çπ250 ‚Çπ250 ‚Çπ250 ‚Çπ190 ‚Çπ190 ‚Çπ210 ‚Çπ190 ‚Çπ190 ‚Çπ190 ‚Çπ150 ‚Çπ139 ‚Çπ139 ‚Çπ149 ‚Çπ170 ‚Çπ180 ‚Çπ170 ‚Çπ99 ‚Çπ135 ‚Çπ180 ‚Çπ180 ‚Çπ150 ‚Çπ180 ‚Çπ180 ‚Çπ299 ‚Çπ359 ‚Çπ357 ‚Çπ229 ‚Çπ210 ‚Çπ365 ‚Çπ189 ‚Çπ168 ‚Çπ145 ‚Çπ160 ‚Çπ189 ‚Çπ240 ‚Çπ199 ‚Çπ199 ‚Çπ245 ‚Çπ199 ‚Çπ245 ‚Çπ18 ‚Çπ50 ‚Çπ14 ‚Çπ40 ‚Çπ15 ‚Çπ30 ‚Çπ30 ‚Çπ40 ‚Çπ70 ‚Çπ60 ‚Çπ60 ‚Çπ80 ‚Çπ50 ‚Çπ50 ‚Çπ60 ‚Çπ50 ‚Çπ50 ‚Çπ50 ‚Çπ20 ‚Çπ100 ‚Çπ110 ‚Çπ120 ‚Çπ140 ‚Çπ160 ‚Çπ120 ‚Çπ140 ‚Çπ99 ‚Çπ199 ‚Çπ160 ‚Çπ199 ‚Çπ180 ‚Çπ80 ‚Çπ199 ‚Çπ160 ‚Çπ120 ‚Çπ140 ‚Çπ170 ‚Çπ150 ‚Çπ130 ‚Çπ50 ‚Çπ40 ‚Çπ70 ‚Çπ70 ‚Çπ60 ‚Çπ90 ‚Çπ10 ‚Çπ80 ‚Çπ70 ‚Çπ70 ‚Çπ40,
Guru ji food corner,"Budget Eats
                                    Cost for two: ‚Çπ300","Shahdara, Preet Vihar, New Delhi.",4.0,15 visits,‚Çπ149 ‚Çπ120 ‚Çπ130 ‚Çπ140 ‚Çπ110 ‚Çπ120 ‚Çπ149 ‚Çπ149 ‚Çπ159 ‚Çπ80 ‚Çπ90 ‚Çπ99 ‚Çπ60 ‚Çπ70 ‚Çπ80 ‚Çπ90 ‚Çπ100 ‚Çπ110 ‚Çπ99 ‚Çπ60 ‚Çπ100 ‚Çπ80 ‚Çπ90 ‚Çπ80 ‚Çπ90 ‚Çπ99 ‚Çπ110 ‚Çπ60 ‚Çπ60 ‚Çπ70 ‚Çπ80 ‚Çπ100 ‚Çπ60 ‚Çπ90,White Sauce Pasta Boondi Raita Mixed Raita Pineapple Raita Plain Raita Mint Raita White Sauce Pasta Red Sauce Pasta Mixed Sauce Pasta Veg Garlic Bread Cheese Garlic Bread Paneer Garlic Bread Plain Maggi Masala Maggi Double Masala Maggi Vegetable Maggi Soya Momos [12 Pieces] Paneer Momos [12 Pieces] Spring Roll Aloo Tikki Burger Paneer Burger Cheese Burger Double Aloo Tikki Burger Veg Sandwich Veg Grilled Sandwich Cheese Grilled Sandwich Paneer Sandwich Aloo Paratha Onion Paratha Aloo Pyaaz Paratha Paneer Paratha Mixed Paratha Gobhi Paratha Paneer Onion Paratha
Kulcha ragda,"Delivery Only
                                    Cost for two: ‚Çπ200","Uttam Nagar, New Delhi.",5.0,1 visits,‚Çπ75.2381 ‚Çπ76.1905 ‚Çπ122.8571 ‚Çπ132.381 ‚Çπ139 ‚Çπ151.4286 ‚Çπ160.9524 ‚Çπ170.4762 ‚Çπ189.5238 ‚Çπ75.2381 ‚Çπ160.9524 ‚Çπ139 ‚Çπ189.5238 ‚Çπ132.381 ‚Çπ151.4286 ‚Çπ122.8571 ‚Çπ170.4762 ‚Çπ76.1905,
Homefood Company,"Budget Eats
                                    Cost for two: ‚Çπ300","Lajpat Nagar, Lajpat Nagar 4, New Delhi.",4.0,77 visits,‚Çπ100 ‚Çπ100 ‚Çπ100 ‚Çπ100 ‚Çπ100 ‚Çπ120 ‚Çπ120 ‚Çπ120 ‚Çπ145 ‚Çπ259 ‚Çπ349 ‚Çπ259 ‚Çπ259 ‚Çπ279 ‚Çπ279 ‚Çπ289 ‚Çπ259 ‚Çπ249 ‚Çπ319 ‚Çπ319 ‚Çπ319 ‚Çπ299 ‚Çπ329 ‚Çπ349 ‚Çπ239 ‚Çπ239 ‚Çπ259 ‚Çπ279 ‚Çπ279 ‚Çπ279 ‚Çπ259 ‚Çπ259 ‚Çπ289 ‚Çπ249 ‚Çπ269 ‚Çπ279 ‚Çπ249 ‚Çπ279 ‚Çπ379 ‚Çπ259 ‚Çπ279 ‚Çπ259 ‚Çπ259 ‚Çπ100 ‚Çπ100 ‚Çπ120 ‚Çπ100 ‚Çπ120 ‚Çπ100 ‚Çπ120 ‚Çπ100 ‚Çπ140 ‚Çπ149 ‚Çπ120 ‚Çπ120 ‚Çπ120 ‚Çπ140 ‚Çπ140 ‚Çπ140 ‚Çπ140 ‚Çπ149 ‚Çπ229 ‚Çπ149 ‚Çπ229 ‚Çπ145 ‚Çπ149 ‚Çπ259 ‚Çπ249 ‚Çπ349 ‚Çπ349 ‚Çπ349,"Tawa Chapati [Pack Of 5] Tandoori Roti [Pack Of 4] Naan [Pack Of 2] Lachha Parantha [Pack Of 2] Missi Roti [Pack Of 2] Butter Tandoori Roti [Pack Of 4] Butter Naan [Pack Of 2] Pudina Parantha [Pack Of 2] Boondi Raita [500 Ml, 1 Box] Shahi Paneer Make Your Own Thali [Serves 1] Chole Paratha Combo Desi Rajma Paratha Combo Shahi Paneer Paratha Combo Palak Paneer Paratha Combo Paneer Bhurji Paratha Combo Dal Makhani Paratha Combo Dal Tadka Paratha Combo Home Food Thali Special Thali Amritsari Thali Veg Thali Butter Naan Thali Make Your Own Thali [Serves 1] Rajma Punajbi Chole Shahi Paneer Kadhai Paneer Paneer Lababdar Malai Kofta Matar Paneer Palak Paneer Paneer Bhurji Dal Tadka Dal Makhani Dal Maharani Jeera Aloo Paneer Butter Masala Chilli Paneer [500 Ml, 1 Box] Mix Vegetables Kadhai Mushroom Matar Mushroom Palak Mushroom Tawa Chapati [Pack Of 5] Tandoori Roti [Pack Of 4] Butter Tandoori Roti [Pack Of 4] Naan [Pack Of 2] Butter Naan [Pack Of 2] Lachha Parantha [Pack Of 2] Pudina Parantha [Pack Of 2] Missi Roti [Pack Of 2] Aloo Naan [Pack Of 2] Paneer Naan [Pack Of 2] Butter Tawa Chapati [Pack Of 5] Mirchi Parantha [Pack Of 2] Butter Missi Roti [Pack Of 2] Onion Naan [Pack Of 2] Mix Naan [Pack Of 2] Garlic Parantha [Pack Of 2] Garlic Naan [Pack Of 2] Jeera Rice [300 Ml, 1 Box] Veg Pulao [300 Ml, 1 Box] Basmati Rice [300 Ml, 1 Box] Veg Fried Rice [300 Ml, 1 Box] Boondi Raita [500 Ml, 1 Box] Mixed Veg Raita [500 Ml, 1 Box] Dal Makhani + Laccha Paratha Dal Makhani + Tandoori Roti Homefood Thali [2x Coke [250 Ml]] Special Thali [2x Coke [250 Ml]] Amritsari Thali [2x Coke [250 Ml]"
The Good Food Cafe,"Cafe
                                    Cost for two: ‚Çπ1200","Pitampura, New Delhi.",4.0,906 visits,‚Çπ41 ‚Çπ80 ‚Çπ80 ‚Çπ84 ‚Çπ115 ‚Çπ159 ‚Çπ160 ‚Çπ172 ‚Çπ199 ‚Çπ218 ‚Çπ219 ‚Çπ229 ‚Çπ229 ‚Çπ252 ‚Çπ299 ‚Çπ310 ‚Çπ339 ‚Çπ344 ‚Çπ345 ‚Çπ379 ‚Çπ379 ‚Çπ399 ‚Çπ399 ‚Çπ429 ‚Çπ439 ‚Çπ172 ‚Çπ229 ‚Çπ229 ‚Çπ287 ‚Çπ399 ‚Çπ229 ‚Çπ218 ‚Çπ219 ‚Çπ229 ‚Çπ199 ‚Çπ252 ‚Çπ264 ‚Çπ264 ‚Çπ264 ‚Çπ399 ‚Çπ390 ‚Çπ436 ‚Çπ436 ‚Çπ459 ‚Çπ482 ‚Çπ321 ‚Çπ356 ‚Çπ229 ‚Çπ264 ‚Çπ287 ‚Çπ310 ‚Çπ287 ‚Çπ287 ‚Çπ310 ‚Çπ310 ‚Çπ333 ‚Çπ310 ‚Çπ287 ‚Çπ321 ‚Çπ344 ‚Çπ402 ‚Çπ402 ‚Çπ402 ‚Çπ459 ‚Çπ399 ‚Çπ459 ‚Çπ448 ‚Çπ436 ‚Çπ436 ‚Çπ482 ‚Çπ448 ‚Çπ448 ‚Çπ459 ‚Çπ499 ‚Çπ499 ‚Çπ499 ‚Çπ494 ‚Çπ489 ‚Çπ540 ‚Çπ344 ‚Çπ379 ‚Çπ399 ‚Çπ459 ‚Çπ459 ‚Çπ499 ‚Çπ499 ‚Çπ494 ‚Çπ499 ‚Çπ379 ‚Çπ369 ‚Çπ199 ‚Çπ260 ‚Çπ310 ‚Çπ310 ‚Çπ344 ‚Çπ219 ‚Çπ219 ‚Çπ369 ‚Çπ329 ‚Çπ359 ‚Çπ425 ‚Çπ399 ‚Çπ399 ‚Çπ399 ‚Çπ409 ‚Çπ399 ‚Çπ399 ‚Çπ209 ‚Çπ179 ‚Çπ219 ‚Çπ229 ‚Çπ249 ‚Çπ269 ‚Çπ119 ‚Çπ159 ‚Çπ259 ‚Çπ249 ‚Çπ239 ‚Çπ268 ‚Çπ239 ‚Çπ239 ‚Çπ268 ‚Çπ239 ‚Çπ269 ‚Çπ278 ‚Çπ356 ‚Çπ115 ‚Çπ229 ‚Çπ332 ‚Çπ41 ‚Çπ80 ‚Çπ84 ‚Çπ80 ‚Çπ79 ‚Çπ91 ‚Çπ333 ‚Çπ279 ‚Çπ219 ‚Çπ259 ‚Çπ298 ‚Çπ310 ‚Çπ321 ‚Çπ275 ‚Çπ356 ‚Çπ298 ‚Çπ310 ‚Çπ439 ‚Çπ499 ‚Çπ529 ‚Çπ699 ‚Çπ479 ‚Çπ499 ‚Çπ459 ‚Çπ459 ‚Çπ439 ‚Çπ439 ‚Çπ439 ‚Çπ409 ‚Çπ439 ‚Çπ439 ‚Çπ469 ‚Çπ459 ‚Çπ439 ‚Çπ439 ‚Çπ469 ‚Çπ469 ‚Çπ479 ‚Çπ439 ‚Çπ479 ‚Çπ459 ‚Çπ459 ‚Çπ321 ‚Çπ344 ‚Çπ344 ‚Çπ287 ‚Çπ321 ‚Çπ321 ‚Çπ321 ‚Çπ321 ‚Çπ310 ‚Çπ344 ‚Çπ494 ‚Çπ413 ‚Çπ413 ‚Çπ425 ‚Çπ425 ‚Çπ425 ‚Çπ448 ‚Çπ448 ‚Çπ482 ‚Çπ517 ‚Çπ699 ‚Çπ699 ‚Çπ799 ‚Çπ999 ‚Çπ899 ‚Çπ999 ‚Çπ160 ‚Çπ160 ‚Çπ160 ‚Çπ160 ‚Çπ160 ‚Çπ160 ‚Çπ57 ‚Çπ229 ‚Çπ249,"Jumbo Bread (2 Pc) Pizza Base 10"" (2 Pc) Charcoal Bun (2 Pc) Multi Grain Bread (2 Pc) Tortilla Wrap(4Half) Fresh Lime Soda Our Story Is My Fevorite Love Story Protein Poha Masala Omelette Couscous Upma Cold Coffee Scrambled Eggs Peri Peri French Fries Egg White Omelette Hummus With Pita Crispy Honey Chilli Potatoes Paneer Tikka Sandwich Peri-peri Paneer Sandwich Veg Good Food Sandwich Chicken Tikka Sandwich Veg Good Food White Sauce Pasta With Veggies Paneer Tandoori Club Sandwich In Jumbo Bread Lebanese Wrap Mezze Platter (Immunity Booster) Chicken Tandoori Club Sandwich In Jumbo Bread Protein Poha Scrambled Eggs Half Fried Egg [3 Eggs] Spanish Omelette Breakfast Combo Power Breakfast Bowl Couscous Upma Boiled Eggs (4pc) Egg Bhurji [3 Eggs ] Masala Omelette Egg White Omelette Baked Masala Omelette [3eggs ] Baked Omelette [3 Eggs ] Cheese Omelette [3 Eggs ] Quinoa Biryani Veg Biryani Couscous Biryani Veg Chicken Biryani Quinoa Non Veg Biryani Couscous Biryani Non Veg Veg Dimsums (Low Cal) Chicken Dimsums [6pcs] Steamed Rice (Brown) Fried Rice (Brown) Veg. Veg Hakka Noodles Veg Schezwan Noodles Veg Chill Garlic Noodle Egg Fried Rice (Brown) Chicken Hakka Noodles Chicken Fried Rice (Brown) Non Veg Schezwan Noodles Non Veg Chilly Garlic Noodle Margarita Pizza 7'' Farm House Pizza 7'' Baby Corn Tomato & Capcicum Pizza 7'' Cafe Special Pizza 7'' Paneer Tikka Pizza 7'' Spinach Onion Mushroom & Cheese Pizza 7'' Caprese Pizza 7'' Italian Supreme Pizza 7'' Quattro Farmagio Pizza 7'' Peri Peri Paneer Piza 7"""" Chicken Tikka Pizza 7'' Chicken Veggie Surprise Pizza 7'' Quattro Chicken Pizza 7'' Bbq Chicken Pizza 7'' Chicken Sausage Pizza 7'' Cafe Special Pizza Caprese Pizza Italian Supreme Pizza Quattro Farmagio (4 Cheese) Chicken Tikka Pizza (High Protein) Chicken Sausage Pizza Quattro Chicken Pizza Margarita Pizza Farmhouse Pizza Babycorn, Tomato & Capsicum Pizza Paneer Tikka Pizza Spinach, Onion, Musroom & Cheese Pizza Bbq Paneer Pizza Peri Peri Paneer Pizz Chicken Veggie Surprise BBQ Chicken Pizza Live Wok Chicken Tikka Garlic Bread [4pcs] Panini Garlic Bread [4pcs] Cheese Garlic Bread [4pcs] Corn & Cheese Garlic Bread [4pcs] Tomato Onion Capsicum Garlic Bread [4pcs] Mushroom & Tomato Garlic Bread [4pcs] Chilly Cheese Toast [4pcs] Chilli Garlic Toast Baked Chicken Garlic Bread [4pcs] Veg Detox Burgers Chicken Detox Burgers Chicken Huge Good Food Burger [ Served With Fries ] Veg Huge Good Food Burger [ Served With Fries ] Baked Chicken Wrap Chicken Tikka Wrap Chicken Mexican Wrap Chicken Seekh Wrap BBQ Chicken Wrap Mint Mojito Fruit Beer [Non Alcoholic] Anti-Pollution Drink Watermelon & Basil Slush Mango Masala Slush Tropical Mojito Fresh Lime Water Fresh Lime Soda Lemon Ice Tea Punjabiyo Ka Teekha Slush Banana & Strawberry Yogurt Smoothie Banana Peanut Butter Oats Smoothie Chia Seed Shake Mixed Fruit Yoghurt Smoothie Multigrain & Banana Shake. Primium Hot Chocolate Love Berry On 100% Way Protein Shake Hot Turmeric Latte Tortilla Wrap(4Half) Star Plum Cake 150gms Tree Plum Cake 220 Gms Jumbo Bread (2 Pc) Pizza Base 10"" (2 Pc) Multi Grain Bread (2 Pc) Charcoal Bun (2 Pc) Chocolate Sweet Bite Ice Cream Single Scoop Chicken Satay Grilled Chicken Breast With Italian Tomato Sauce Cold Coffee Nutty Butty Hazelnut Cold Coffee Corn Salt & Pepper Crispy Honey Chilli Potatoes Kung Pao Chilli Paneer Dry [8 Pcs] Crispy Chilli Potatoes Crispy Chilli Mushroom Veg Manchurian Dry [8 Pcs ] Paneer Manchurian Dry [8 Pcs] Grilled Chicken Meal Stuffed Chicken Meal With Couscous / Brown Rice Fish In Lemon Butter Garlic Sauce Grilled Fish Meal Portofino Grilled Fish Peri Peri Chicken Meal With Couscous / Brown Rice Chicken In Black Pepper Sauce Chicken In Black Bean Sauce Chilli Chicken Gravy [6pcs] Chicken Green Thai Curry Chicken Red Thai Curry Chicken Manchurian Gravy [6pcs] Chicken Good Food White Sauce Pasta With Veggies Non Veg Penne Rosso With Sauteed Vegetables Chicken Zucchini Lasagna No Maida Chicken Baked Pasta In White Sauce Chicken Good Food Red Sauce Pasta With Veggies Chicken Penne Arrabiata Pasta Non Veg Penne Al Funghi Pasta [mushroom Sauce] Non Veg Spaghetti Aglio E Olio Pasta Spaghetti Alfredo With Grilled Chicken . Non Veg Zoodles Chicken Spagghetti Pesto With Sundried Tomato Baked Vegetables- Veg Baked Vegetables- Non Veg Minestrone Soup- Non-Veg Chicken Wild Mushroom Soup With 2pcs Garlic Bread Chicken Thukpa Meal In A Soup , 2 Dimsums Chicken Clear Soup Chicken Hot & Sour Soup Chicken Manchow Soup With Fried Noodles Chicken Sweet Corn Soup Chicken Talumein Soup Death By Choco Cake Slice With Chocolate Sauce Peri Peri Paneer Sandwich Kung Pao Chilli Meal Non Veg Chilli Cottage Cheese With Onion Tomato & Capsicum Veg Exotic Veggies In Choice Of Sauce Kung Pao Chilli Meal -Veg Thai Green Curry Meal -Veg Veg Thai Red Curry Meal Thai Green Curry Meal - Non Veg Thai Red Curry Meal- Non Veg Non Veg Exotic Veggies In Choice Of Sauce Thai Fish In Black Pepper Sauce Meal Continental Party Combo Pizza Pasta Party Burger Pizza Garlic Bread Party Veg Chinese Party Non Veg Continental Party Non Veg Chinese Party Combo Hugs And Kisses Love And Some Chocolate Love You More Than Chocolate Our Story Is My Fevorite Love Story Sweetend My Life U R So Sweet Sweet Bite Valentine Cookies Valentine Choco Chip Cake"
Dhasu Food Company,"Quick Bites
                                    Cost for two: ‚Çπ500","Uttam Nagar, New Delhi.",4.1,343 visits,‚Çπ75 ‚Çπ145 ‚Çπ145 ‚Çπ165 ‚Çπ185 ‚Çπ200 ‚Çπ100 ‚Çπ180 ‚Çπ180 ‚Çπ165 ‚Çπ225 ‚Çπ225 ‚Çπ200 ‚Çπ200 ‚Çπ205 ‚Çπ225 ‚Çπ205 ‚Çπ225 ‚Çπ165 ‚Çπ145 ‚Çπ145 ‚Çπ145 ‚Çπ180 ‚Çπ120 ‚Çπ165 ‚Çπ200 ‚Çπ200 ‚Çπ145 ‚Çπ200 ‚Çπ165 ‚Çπ120 ‚Çπ100 ‚Çπ150 ‚Çπ120 ‚Çπ180 ‚Çπ180 ‚Çπ220 ‚Çπ310 ‚Çπ180 ‚Çπ180 ‚Çπ180 ‚Çπ180 ‚Çπ200 ‚Çπ220 ‚Çπ275 ‚Çπ310 ‚Çπ290 ‚Çπ165 ‚Çπ200 ‚Çπ200 ‚Çπ180 ‚Çπ100 ‚Çπ149 ‚Çπ249 ‚Çπ275 ‚Çπ310 ‚Çπ275 ‚Çπ290 ‚Çπ275 ‚Çπ235 ‚Çπ275 ‚Çπ235 ‚Çπ255 ‚Çπ235 ‚Çπ255 ‚Çπ290 ‚Çπ290 ‚Çπ325 ‚Çπ255 ‚Çπ290 ‚Çπ275 ‚Çπ310 ‚Çπ255 ‚Çπ290 ‚Çπ290 ‚Çπ255 ‚Çπ255 ‚Çπ275 ‚Çπ255 ‚Çπ175 ‚Çπ175 ‚Çπ175 ‚Çπ120 ‚Çπ125 ‚Çπ180 ‚Çπ175 ‚Çπ255 ‚Çπ330 ‚Çπ400 ‚Çπ160 ‚Çπ150 ‚Çπ185 ‚Çπ150 ‚Çπ160 ‚Çπ170 ‚Çπ160 ‚Çπ170 ‚Çπ180 ‚Çπ180 ‚Çπ200 ‚Çπ190 ‚Çπ175 ‚Çπ130 ‚Çπ130 ‚Çπ190 ‚Çπ180 ‚Çπ200 ‚Çπ190 ‚Çπ175 ‚Çπ175 ‚Çπ175 ‚Çπ175 ‚Çπ25 ‚Çπ55 ‚Çπ65 ‚Çπ75 ‚Çπ55 ‚Çπ150 ‚Çπ15 ‚Çπ55 ‚Çπ80 ‚Çπ80 ‚Çπ100 ‚Çπ100 ‚Çπ130 ‚Çπ120 ‚Çπ140 ‚Çπ150 ‚Çπ140,
Delhi Chat Patta Tadka,"Delivery and Takeaway
                                    Cost for two: ‚Çπ300","Uttam Nagar, New Delhi.",3.9,307 visits,‚Çπ100 ‚Çπ120 ‚Çπ120 ‚Çπ120 ‚Çπ150 ‚Çπ240 ‚Çπ250 ‚Çπ220 ‚Çπ240 ‚Çπ180 ‚Çπ200 ‚Çπ140 ‚Çπ140 ‚Çπ140 ‚Çπ180 ‚Çπ120 ‚Çπ180 ‚Çπ150 ‚Çπ180 ‚Çπ150 ‚Çπ180 ‚Çπ180 ‚Çπ220 ‚Çπ240 ‚Çπ250 ‚Çπ250 ‚Çπ200 ‚Çπ180 ‚Çπ200 ‚Çπ220 ‚Çπ160 ‚Çπ120 ‚Çπ120 ‚Çπ120 ‚Çπ120 ‚Çπ120 ‚Çπ120 ‚Çπ250 ‚Çπ280 ‚Çπ170 ‚Çπ10 ‚Çπ12 ‚Çπ35 ‚Çπ50 ‚Çπ60 ‚Çπ50 ‚Çπ50 ‚Çπ50 ‚Çπ50 ‚Çπ80 ‚Çπ100 ‚Çπ120 ‚Çπ120 ‚Çπ140 ‚Çπ150 ‚Çπ180 ‚Çπ170 ‚Çπ200 ‚Çπ190 ‚Çπ200 ‚Çπ190 ‚Çπ140 ‚Çπ180 ‚Çπ130 ‚Çπ150 ‚Çπ120 ‚Çπ150 ‚Çπ100 ‚Çπ100 ‚Çπ80 ‚Çπ25,
Brown Brick Cafe,"Cafe
                                    Cost for two: ‚Çπ200","Laxmi Nagar, Preet Vihar, New Delhi.",3.6,729 visits,‚Çπ69 ‚Çπ89 ‚Çπ94 ‚Çπ94 ‚Çπ109 ‚Çπ109 ‚Çπ109 ‚Çπ119 ‚Çπ125 ‚Çπ129 ‚Çπ149 ‚Çπ149 ‚Çπ94 ‚Çπ125 ‚Çπ116 ‚Çπ178 ‚Çπ94 ‚Çπ125 ‚Çπ94 ‚Çπ125 ‚Çπ149 ‚Çπ99 ‚Çπ109 ‚Çπ129 ‚Çπ69 ‚Çπ89 ‚Çπ109 ‚Çπ109 ‚Çπ109 ‚Çπ129 ‚Çπ149 ‚Çπ119 ‚Çπ189,
Food Emirates,"Budget Eats
                                    Cost for two: ‚Çπ350","Paschim Vihar, New Delhi.",3.8,22 visits,‚Çπ60 ‚Çπ90 ‚Çπ180 ‚Çπ229 ‚Çπ229 ‚Çπ70 ‚Çπ310 ‚Çπ320 ‚Çπ340 ‚Çπ340 ‚Çπ340 ‚Çπ499 ‚Çπ179 ‚Çπ179 ‚Çπ179 ‚Çπ179 ‚Çπ179 ‚Çπ179 ‚Çπ179 ‚Çπ179 ‚Çπ179 ‚Çπ70 ‚Çπ70 ‚Çπ70 ‚Çπ70 ‚Çπ199 ‚Çπ199 ‚Çπ159 ‚Çπ199 ‚Çπ199 ‚Çπ10 ‚Çπ15 ‚Çπ25 ‚Çπ49 ‚Çπ49 ‚Çπ50 ‚Çπ69 ‚Çπ69 ‚Çπ69 ‚Çπ99 ‚Çπ199 ‚Çπ199 ‚Çπ199 ‚Çπ199 ‚Çπ69 ‚Çπ120 ‚Çπ120 ‚Çπ120 ‚Çπ120 ‚Çπ120 ‚Çπ120 ‚Çπ120 ‚Çπ120 ‚Çπ120 ‚Çπ30 ‚Çπ60 ‚Çπ229 ‚Çπ149 ‚Çπ249 ‚Çπ149 ‚Çπ249 ‚Çπ180 ‚Çπ199 ‚Çπ249 ‚Çπ249 ‚Çπ149 ‚Çπ149 ‚Çπ199 ‚Çπ229 ‚Çπ599 ‚Çπ229 ‚Çπ229 ‚Çπ229 ‚Çπ229 ‚Çπ229 ‚Çπ229 ‚Çπ229 ‚Çπ229 ‚Çπ229 ‚Çπ229 ‚Çπ310 ‚Çπ310 ‚Çπ310 ‚Çπ310 ‚Çπ750 ‚Çπ159 ‚Çπ159 ‚Çπ159 ‚Çπ159 ‚Çπ189 ‚Çπ90 ‚Çπ90 ‚Çπ180 ‚Çπ110 ‚Çπ90 ‚Çπ99 ‚Çπ119 ‚Çπ119 ‚Çπ169 ‚Çπ250 ‚Çπ250 ‚Çπ250 ‚Çπ300 ‚Çπ300,
Raj Take Away,"Budget Eats
                                    Cost for two: ‚Çπ400","Uttam Nagar, New Delhi.",4.0,197 visits,‚Çπ55 ‚Çπ70 ‚Çπ90 ‚Çπ96 ‚Çπ96 ‚Çπ100 ‚Çπ110 ‚Çπ110 ‚Çπ120 ‚Çπ120 ‚Çπ140 ‚Çπ160 ‚Çπ200 ‚Çπ220 ‚Çπ260 ‚Çπ260 ‚Çπ260 ‚Çπ260 ‚Çπ700 ‚Çπ380 ‚Çπ210 ‚Çπ220 ‚Çπ230 ‚Çπ240 ‚Çπ380 ‚Çπ380 ‚Çπ80 ‚Çπ480 ‚Çπ440 ‚Çπ480 ‚Çπ460 ‚Çπ500 ‚Çπ440 ‚Çπ480 ‚Çπ460 ‚Çπ330 ‚Çπ220 ‚Çπ260 ‚Çπ260 ‚Çπ340 ‚Çπ360 ‚Çπ380 ‚Çπ360 ‚Çπ380 ‚Çπ380 ‚Çπ400 ‚Çπ320 ‚Çπ290 ‚Çπ270 ‚Çπ290 ‚Çπ290 ‚Çπ280 ‚Çπ220 ‚Çπ180 ‚Çπ180 ‚Çπ220 ‚Çπ180 ‚Çπ200 ‚Çπ210 ‚Çπ220 ‚Çπ260 ‚Çπ180 ‚Çπ360 ‚Çπ380 ‚Çπ330 ‚Çπ440 ‚Çπ290 ‚Çπ200 ‚Çπ180 ‚Çπ180 ‚Çπ200 ‚Çπ200 ‚Çπ260 ‚Çπ70 ‚Çπ18 ‚Çπ22 ‚Çπ70 ‚Çπ70 ‚Çπ80 ‚Çπ110 ‚Çπ60 ‚Çπ55 ‚Çπ40 ‚Çπ90 ‚Çπ96 ‚Çπ96 ‚Çπ260 ‚Çπ220 ‚Çπ96 ‚Çπ240 ‚Çπ240 ‚Çπ240 ‚Çπ160 ‚Çπ170 ‚Çπ260 ‚Çπ260 ‚Çπ280 ‚Çπ380 ‚Çπ200 ‚Çπ240 ‚Çπ230 ‚Çπ210 ‚Çπ240 ‚Çπ280 ‚Çπ290 ‚Çπ280 ‚Çπ260 ‚Çπ160 ‚Çπ210 ‚Çπ200 ‚Çπ240 ‚Çπ120 ‚Çπ170 ‚Çπ140 ‚Çπ110 ‚Çπ40 ‚Çπ240 ‚Çπ170 ‚Çπ250 ‚Çπ250 ‚Çπ250 ‚Çπ250 ‚Çπ250 ‚Çπ250 ‚Çπ250,Butter Naan Mirchi Lacha Parantha Garlic Naan Stuffed Naan Chur Chur Naan Aloo Parantha Paneer Naan Dahi Aloo Pyaz Parantha French Fries Veg Chowmein Plain Steamed Rice Chilli Potato Dal Fry Special Bhindi Masala Veg Pulao Matar Pulao Veg Butter Chowmein Chur Chur Naan Combo 1 Chur Chur Naan Combo 2 Naan Combo 1 Naan Combo 2 Naan Combo 3 Naan Combo 4 Tawa Roti Combo 5 Tawa Roti Combo 6 Green Salad Paneer Tikka [8 Pieces] Tandoori Chaap Chilli Chaap Mushroom Chilli Paneer Hariyali Tikka Tandoori Malai Chaap Chillli Chaap Tandoori Achaari Chaap Dal Makhani Dal Fry Yellow Dal Tadka Butter Yellow Dal Tadka Dal Palak Shahi Paneer Matar Paneer Kadhai Paneer Palak Paneer Paneer Butter Masala Paneer Lababdar Paneer Do Pyaza Kadhai Chaap Matar Mushroom Mushroom Masala Mushroom Do Pyaza Paneer Mushroom Masala Mix Veg Jeera Aloo Aloo Matar Aloo Gobi Aloo Gajar Aloo Palak Rajma Masala Chana Masala Special Bhindi Masala Kadhi Pakoda Dhaba Dal Makhani Spicy Masala Paneer Pasanda Paneer Kali Mirch Paneer Bhurji Soya Chaap Gravy Aloo Bean Aloo Tamatar Aloo Soyabean Aloo Baingan Rajma Makhani Pindi Chana Mirchi Lacha Parantha Plain Tandoori Roti Wheat Butter Tandoori Roti Missi Roti Aloo Naan Gobi Naan Paneer Naan Lachha Parantha Butter Naan Plain Naan Garlic Naan Stuffed Naan Chur Chur Naan 2 Aloo Parantha With Dahi And Aachar 1GobhiParantha+1AlooParantha+Dahi+Aachar Mix Naan Rajma With Basmati Rice Chhole With Basmati Rice Kadi Pakoda With Basmati Rice Plain Steamed Rice Jeera Rice Veg Pulao Matar Pulao Veg Biryani Matar Paneer With Basmati Rice Chilli Potato Honey Chilli Potato Veg Manchurian Dry Veg Manchurian Gravy Paneer Manchurian Dry Chilli Paneer Dry Chilli Paneer Gravy Paneer Manchurian Gravy Veg Butter Chowmein Veg Steamed Momos Paneer Steamed Momos Veg Fried Momos Paneer Fried Momos French Fries Veg Raita Boondi Raita Dahi Papad Garlic And Jeera Raita Aloo Raita Aloo Parantha With Dal Makhani Malai Kofta With Naan Veg Chowmein With Veg Momos Paneer Pyaza With Butter Naan Dal Makhani With Aloo Naan Paneer Butter Masala With Naan Veg Manchurian With Fried Rice
Foodiez Hub,"Budget Eats
                                    Cost for two: ‚Çπ300","Mukherjee Nagar, North Campus, New Delhi.",4.0,58 visits,‚Çπ75 ‚Çπ90 ‚Çπ100 ‚Çπ120 ‚Çπ140 ‚Çπ150 ‚Çπ170 ‚Çπ120 ‚Çπ140 ‚Çπ180 ‚Çπ180 ‚Çπ430 ‚Çπ140 ‚Çπ160 ‚Çπ170 ‚Çπ175 ‚Çπ80 ‚Çπ80 ‚Çπ110 ‚Çπ110 ‚Çπ140 ‚Çπ170 ‚Çπ170 ‚Çπ180 ‚Çπ170 ‚Çπ200 ‚Çπ210 ‚Çπ210 ‚Çπ250 ‚Çπ100 ‚Çπ110 ‚Çπ120 ‚Çπ120 ‚Çπ140 ‚Çπ110 ‚Çπ120 ‚Çπ140 ‚Çπ140 ‚Çπ180 ‚Çπ210 ‚Çπ210 ‚Çπ140 ‚Çπ180 ‚Çπ180 ‚Çπ220 ‚Çπ220 ‚Çπ240 ‚Çπ250 ‚Çπ250 ‚Çπ240 ‚Çπ65 ‚Çπ75 ‚Çπ85 ‚Çπ85 ‚Çπ135 ‚Çπ70 ‚Çπ80 ‚Çπ110 ‚Çπ120 ‚Çπ140 ‚Çπ150 ‚Çπ150 ‚Çπ170 ‚Çπ60 ‚Çπ80 ‚Çπ80 ‚Çπ80 ‚Çπ90 ‚Çπ90 ‚Çπ120 ‚Çπ120 ‚Çπ120 ‚Çπ90 ‚Çπ90 ‚Çπ90 ‚Çπ90 ‚Çπ90 ‚Çπ100 ‚Çπ100,Grilled Burger Chocolate Shake Veg Noodles White Sauce Pasta Red Sauce Pasta Mix Sauce Pasta Chilly Potato Chilly Garlic Fried Rice Veg Manchurian Gravy Chilly Paneer Gravy Sandwich Combo Paneer Kurkure Momos Paneer Steam Momos Paneer Fried Momos Paneer Hot Garlic Momo Paneer Masala Momos Hot N Sour Soup Manchow Soup French Fries Spiral Tornado Peri Peri Fries Cheesy French Fries Chilly Potato Crispy Honey Chilly Potato Veg Manchurian Chilly Mushroom (Seasonal) Crispy Corn Vegetable Salt & Pepper Chilly Paneer Veg Noodles Hakka Noodles Singapuri Noodles Chilly Garlic Noodles Paneer Noodles Veg Fried Rice Chilly Garlic Fried Rice Paneer Garlic Rice Veg Manchurian Gravy Chilly Paneer Gravy Hot Garlic Sauce Chinese Choupsey Burger Combo Sandwich Combo Chilly Potato Combo Manchurian + Noodles Manchurian + Fried Rice Hot Garlic Sauce+rice+coke Chilly Paneer + Noodles Chilly Paneer + Fried Rice Hot Garlic Sauce+noodles+coke Veg Burger Grilled Burger Paneer Burger Cheese Burger Foodiez Maharaja Burger Double Masala Maggie Veg Maggie Foodiez Special Cheesy Maggie White Sauce Pasta Red Sauce Pasta Mix Sauce Pasta Peri Peri Veg Pasta Foodiez Special Cheese Pasta With Garlic Bread Ice Tea Green Apple Mojito Orange Chill Blue Lagoon Virgin Mojito Strawberry Kiss Oreo Shake Kit Kat Shake Choco Pie Shake Pineapple Shake Chocolate Shake Strawberry Shake Mango Shake Cold Coffee Shake Vanilla Shake Butterscotch Shake
Mocktailio Kafe,"Budget Eats
                                    Cost for two: ‚Çπ500","Sheikh Sarai Phase 2, Malviya Nagar, New Delhi.",2.6,7 visits,‚Çπ90 ‚Çπ90 ‚Çπ110 ‚Çπ130 ‚Çπ150 ‚Çπ150 ‚Çπ160 ‚Çπ180 ‚Çπ180 ‚Çπ220 ‚Çπ280 ‚Çπ180 ‚Çπ190 ‚Çπ200 ‚Çπ220 ‚Çπ250 ‚Çπ280 ‚Çπ200 ‚Çπ70 ‚Çπ90 ‚Çπ100 ‚Çπ130 ‚Çπ120 ‚Çπ150 ‚Çπ100 ‚Çπ120 ‚Çπ140 ‚Çπ180 ‚Çπ150 ‚Çπ130 ‚Çπ100 ‚Çπ150 ‚Çπ160 ‚Çπ170 ‚Çπ180 ‚Çπ140 ‚Çπ120 ‚Çπ150 ‚Çπ160 ‚Çπ70 ‚Çπ90 ‚Çπ110 ‚Çπ90 ‚Çπ140 ‚Çπ120 ‚Çπ160 ‚Çπ150 ‚Çπ130 ‚Çπ160 ‚Çπ180 ‚Çπ20,Steam Paneer Momos [10 Pieces] Fried Veg Momos [10 Pieces] Fried Paneer Momos [10 Pieces] Oreo Waffle Cheese Garlic Bread [4 Pieces] Naughty Nutella Waffle Oreo Nutella Waffle Margheritta Pizza Alfredo White Sauce Pasta Grilled Veggie Pizza Farm House With Paneer Pizza Margheritta Pizza Onion Pizza Capsicum Pizza Grilled Veggie Pizza Tandoori Paneer Pizza Farm House With Paneer Pizza Corn Pizza Classic Burger Cheese Burger Cheese Peri Peri Burger Cheese Paneer Burger Mexican Burger Tandoori Paneer Burger Salted Fries Peri Peri Fries With Mayo Peri Peri Fries With Yellow Cheese Cheesy Peri Peri Fries Jalapeno Cheese Fries Herby Fries Plain Garlic Bread [4 Pieces] Cheese Garlic Bread [4 Pieces] Cheese Peri Peri Garlic Bread [4 Pieces] Cheese And Corn Garlic Bread [4 Pieces] Cheese Veggies Garlic Bread Tandoori Paneer Wrap Grilled Veggie Wrap Falafal Wrap Wrap Crispy Paneer Wrap Steamed Veg Momos [10 Pieces] Steam Paneer Momos [10 Pieces] Fried Paneer Momos [10 Pieces] Fried Veg Momos [10 Pieces] Spicy Sauce Paneer Momos [10 Pieces] Spicy Sauce Veg Momos [10 Pieces] Creamy Sauce Veg Paneer Momos [10 Pieces] Naughty Nutella Waffle Oreo Waffle Oreo Nutella Waffle Brownie Waffle Masala Chai
Silbatti,"Casual Dining
                                    Cost for two: ‚Çπ550","East Of Kailash, Nehru Place, New Delhi.",3.9,14 visits,‚Çπ55 ‚Çπ60 ‚Çπ85 ‚Çπ100 ‚Çπ119 ‚Çπ185 ‚Çπ195 ‚Çπ199 ‚Çπ200 ‚Çπ205 ‚Çπ209 ‚Çπ209 ‚Çπ219 ‚Çπ219 ‚Çπ220 ‚Çπ249 ‚Çπ269 ‚Çπ289 ‚Çπ320 ‚Çπ79 ‚Çπ109 ‚Çπ269 ‚Çπ249 ‚Çπ269 ‚Çπ269 ‚Çπ289 ‚Çπ329 ‚Çπ299 ‚Çπ349 ‚Çπ399 ‚Çπ449 ‚Çπ139 ‚Çπ129 ‚Çπ149 ‚Çπ149 ‚Çπ149 ‚Çπ39 ‚Çπ149 ‚Çπ149 ‚Çπ149 ‚Çπ139 ‚Çπ109 ‚Çπ99 ‚Çπ79 ‚Çπ109 ‚Çπ25 ‚Çπ119 ‚Çπ119 ‚Çπ195 ‚Çπ210 ‚Çπ195 ‚Çπ220 ‚Çπ210 ‚Çπ210 ‚Çπ179 ‚Çπ185 ‚Çπ200 ‚Çπ185 ‚Çπ190 ‚Çπ200 ‚Çπ325 ‚Çπ175 ‚Çπ175 ‚Çπ220 ‚Çπ195 ‚Çπ220 ‚Çπ100 ‚Çπ220 ‚Çπ210 ‚Çπ220 ‚Çπ399 ‚Çπ209 ‚Çπ219 ‚Çπ229 ‚Çπ219 ‚Çπ229 ‚Çπ399 ‚Çπ349 ‚Çπ209 ‚Çπ219 ‚Çπ229 ‚Çπ219 ‚Çπ199 ‚Çπ219 ‚Çπ209 ‚Çπ269 ‚Çπ249 ‚Çπ279 ‚Çπ599 ‚Çπ195 ‚Çπ200 ‚Çπ205 ‚Çπ205 ‚Çπ205 ‚Çπ195 ‚Çπ200 ‚Çπ190 ‚Çπ205 ‚Çπ180 ‚Çπ180 ‚Çπ190 ‚Çπ190 ‚Çπ190 ‚Çπ185 ‚Çπ180 ‚Çπ180 ‚Çπ180 ‚Çπ200 ‚Çπ205 ‚Çπ180 ‚Çπ190 ‚Çπ180 ‚Çπ190 ‚Çπ200 ‚Çπ200 ‚Çπ200 ‚Çπ199 ‚Çπ229 ‚Çπ219 ‚Çπ199 ‚Çπ229 ‚Çπ219 ‚Çπ199 ‚Çπ219 ‚Çπ199 ‚Çπ199 ‚Çπ229 ‚Çπ199 ‚Çπ229 ‚Çπ229 ‚Çπ249 ‚Çπ249 ‚Çπ229 ‚Çπ259 ‚Çπ249 ‚Çπ249 ‚Çπ249 ‚Çπ249 ‚Çπ269 ‚Çπ199 ‚Çπ20 ‚Çπ25 ‚Çπ40 ‚Çπ45 ‚Çπ55 ‚Çπ60 ‚Çπ60 ‚Çπ75 ‚Çπ85 ‚Çπ95 ‚Çπ55 ‚Çπ60 ‚Çπ85 ‚Çπ95 ‚Çπ85 ‚Çπ95 ‚Çπ95 ‚Çπ85 ‚Çπ99 ‚Çπ95 ‚Çπ109 ‚Çπ125 ‚Çπ145 ‚Çπ199,Butter Naan Garlic Naan Aalu Paratha With Butter And Pickle Chilly Paneer Fresh Lime Soda Malai Soya Chaap Paneer Lababdar Chicken Changezi Cocktail Chaap. Kadhai Paneer Chicken Tikka Lazeez Tandoori Chicken Butter Chicken Chicken Rara Dahi Ke Shole Rajma Masala Rice Bowl Champaran Mutton Amritsari Kulcha Combo Non Veg Light Thali Gulab Jamun Amritsari Kulcha Kadhai Paneer + 2 Lachha Paratha + Boondi Raita Aalu Kulcha Combo Paneer Kulcha Combo Mix Veg Kulcha Combo Amritsari Kulcha Combo Hydrabadai Soya Chaap Biryani [3 Pcs] Hydrabadi Veg Biryani Hydrabadi Paneer Tikka Biryani [4 Pcs] Hydrabadi Chicken Biryani Hydrabadi Mutton Biryani [3 Pcs] Mix Veg Raita Classic Mojito Lemon Iced Tea Cold Coffee Hazelnut Blue Lagoon Mint Gulab Jamun [1 Pc] Green Apple Mojito Cold Cofee Peach Iced Tea Boondi Raita Green Salad Curd Gulab Jamun Red Lacha Pyaaz Cold Drink (250Ml) Masala Lemonade Fresh Lime Soda Lajawaab Paneer Tikka Peshwari Paneer Tikka Paneer Achari Tikka Stuffed Paneer Tikka Paneer Malai Tikka Peri Peri Paneer Tikka Tandoori Masala Chaap Malai Soya Chaap Stuffed Chaap Peshawari Chaap Peri Peri Chaap Cocktail Chaap. Chaap Fusion Hara Bhara Kabab Veg Seekh Kabab Dahi Ke Shole Tandoori Masala Mushroom Tandoori Bharwa Mushroom Chilly Paneer Kurkure Paneer Kurkuri Chaap Kurkure Mushroom Shahi Veg Platter Chicken Tikka Murgh Malai Tikka Garlic Chicken Tikka Peri Peri Chicken Tikka Bhatti Ka Murgh Boneless Chicken Fusion Chilli Chicken Dry Lazeez Tandoori Chicken Afghani Chicken Butter Tandoori Chicken Peri Peri Tandoori Chicken Chicken Seekh Kabab Mutton Seekh Kebab Chicken Onion Seekh Kabab Afghani Tangri Kebab Tangri Kebab Stuffed Tangri Kebab Maharaja Non Veg Platter Paneer Lababdar Shahi Paneer Paneer Butter Masala Kadhai Paneer Paneer Tikka Masala Mutter Paneer Paneer Do Pyaza Dal Makhani Dal Handi Bukhara Dal Tadka Soya Chaap Masala Keema Chaap Masala Chaap Butter Masala Kadhai Chaap Tawa Chaap Masala Mix Veg Aalu Gobhi Jeera Aalu Kashmiri Dum Aalu Malai Kofta Gravy Palak Paneer Palak Corn Amritsari Choley Rajma Masala Mushroom Masala Mutter Mushroom Mushroom Do Pyaza Chicken Curry Old School Butter Chicken Butter Chicken Tawa Chicken Handi Chicken Kadhai Chicken Chicken Changezi Chicken Rara Chicken Kohlapuri Chicken Do Pyaza Boneless Chicken Tikka Masala Chicken Lababdaar Champaran Chicken Chicken Seekh Masala Mutton Rogan Josh Mutton Korma Mutton Curry Mutton Rara Mutton Seekh Masala Handi Meat Tawa Mutton Kadhai Mutton Champaran Mutton Egg Curry Tandoori Roti Tandoori Butter Roti Missi Roti Plain Naan Butter Naan Garlic Naan Mirchi Naan Aloo Naan Veg Stuff Naan Afghani Cheese Naan Lacchha Prantha Pudhina Paratha Aalu Paratha With Butter And Pickle Paneer Paratha With Butter And Pickle Gobhi Paratha With Butter And Pickle Mix Veg Paratha With Butter And Pickle Choor Choor Paratha With Butter And Pickle Aalu Kulcha Paneer Kulcha Mix Veg Kulcha Amritsari Kulcha Chicken Keema Paratha Mutton Keema Paratha Breads Basket
Desi Mirch Masala,"Budget Eats
                                    Cost for two: ‚Çπ500","South Extension 1, New Delhi.",3.8,125 visits,‚Çπ200 ‚Çπ180 ‚Çπ180 ‚Çπ200 ‚Çπ180 ‚Çπ250 ‚Çπ150 ‚Çπ200 ‚Çπ200 ‚Çπ150 ‚Çπ170 ‚Çπ170 ‚Çπ170 ‚Çπ180 ‚Çπ200 ‚Çπ230 ‚Çπ142.8571 ‚Çπ140 ‚Çπ240 ‚Çπ220 ‚Çπ170 ‚Çπ190 ‚Çπ130 ‚Çπ200 ‚Çπ130 ‚Çπ190 ‚Çπ170 ‚Çπ190 ‚Çπ161.9048 ‚Çπ170 ‚Çπ220 ‚Çπ170 ‚Çπ200 ‚Çπ190 ‚Çπ230 ‚Çπ170 ‚Çπ150 ‚Çπ190 ‚Çπ200 ‚Çπ140 ‚Çπ130 ‚Çπ170 ‚Çπ200 ‚Çπ240 ‚Çπ220 ‚Çπ190 ‚Çπ180 ‚Çπ150 ‚Çπ170 ‚Çπ170 ‚Çπ190 ‚Çπ190 ‚Çπ200 ‚Çπ250 ‚Çπ35 ‚Çπ45 ‚Çπ20 ‚Çπ45 ‚Çπ45 ‚Çπ25 ‚Çπ20 ‚Çπ40 ‚Çπ55 ‚Çπ180 ‚Çπ350 ‚Çπ220 ‚Çπ250 ‚Çπ300 ‚Çπ280 ‚Çπ300 ‚Çπ200 ‚Çπ350 ‚Çπ350 ‚Çπ350 ‚Çπ230 ‚Çπ230 ‚Çπ300 ‚Çπ220 ‚Çπ230 ‚Çπ240 ‚Çπ260 ‚Çπ250 ‚Çπ280 ‚Çπ260 ‚Çπ220 ‚Çπ200 ‚Çπ280 ‚Çπ280 ‚Çπ280 ‚Çπ220 ‚Çπ450 ‚Çπ380 ‚Çπ370 ‚Çπ350 ‚Çπ350 ‚Çπ380 ‚Çπ420 ‚Çπ350 ‚Çπ400 ‚Çπ380 ‚Çπ130 ‚Çπ200 ‚Çπ230 ‚Çπ180 ‚Çπ170 ‚Çπ230 ‚Çπ250 ‚Çπ220 ‚Çπ90 ‚Çπ150 ‚Çπ120 ‚Çπ100 ‚Çπ70 ‚Çπ150 ‚Çπ120 ‚Çπ580 ‚Çπ330 ‚Çπ310 ‚Çπ330 ‚Çπ350 ‚Çπ360 ‚Çπ580 ‚Çπ380 ‚Çπ520 ‚Çπ350 ‚Çπ580 ‚Çπ330 ‚Çπ280 ‚Çπ280 ‚Çπ250 ‚Çπ250 ‚Çπ250 ‚Çπ180 ‚Çπ270 ‚Çπ190 ‚Çπ250 ‚Çπ250 ‚Çπ260 ‚Çπ250 ‚Çπ270 ‚Çπ142.8571 ‚Çπ161.9048 ‚Çπ180.9524 ‚Çπ171.4286 ‚Çπ161.9048 ‚Çπ180.9524 ‚Çπ180.9524 ‚Çπ133.3333 ‚Çπ161.9048 ‚Çπ161.9048 ‚Çπ161.9048 ‚Çπ142.8571 ‚Çπ142.8571 ‚Çπ190 ‚Çπ190 ‚Çπ250 ‚Çπ250 ‚Çπ240 ‚Çπ180 ‚Çπ320 ‚Çπ250 ‚Çπ250 ‚Çπ320 ‚Çπ250 ‚Çπ250 ‚Çπ250 ‚Çπ220 ‚Çπ260 ‚Çπ150 ‚Çπ260 ‚Çπ220 ‚Çπ250 ‚Çπ140 ‚Çπ250 ‚Çπ180 ‚Çπ220,
Scoop & Joy Cafe And Ice Creams,"Delivery and Takeaway
                                    Cost for two: ‚Çπ500","Patparganj, Preet Vihar, New Delhi.",3.6,7 visits,‚Çπ115 ‚Çπ115 ‚Çπ125 ‚Çπ90 ‚Çπ100 ‚Çπ115 ‚Çπ125 ‚Çπ125 ‚Çπ125 ‚Çπ90 ‚Çπ90 ‚Çπ100 ‚Çπ100 ‚Çπ100 ‚Çπ100 ‚Çπ100 ‚Çπ115 ‚Çπ115 ‚Çπ115 ‚Çπ115 ‚Çπ115 ‚Çπ115 ‚Çπ115 ‚Çπ115 ‚Çπ125 ‚Çπ125 ‚Çπ125 ‚Çπ125 ‚Çπ125 ‚Çπ210 ‚Çπ210 ‚Çπ225 ‚Çπ225 ‚Çπ225 ‚Çπ225 ‚Çπ225 ‚Çπ225 ‚Çπ225 ‚Çπ225 ‚Çπ225 ‚Çπ225 ‚Çπ225 ‚Çπ225 ‚Çπ275 ‚Çπ275 ‚Çπ125 ‚Çπ125 ‚Çπ150 ‚Çπ125 ‚Çπ150 ‚Çπ150 ‚Çπ125 ‚Çπ100 ‚Çπ100 ‚Çπ140 ‚Çπ140 ‚Çπ100 ‚Çπ110 ‚Çπ125 ‚Çπ250 ‚Çπ250 ‚Çπ250 ‚Çπ250 ‚Çπ250 ‚Çπ250 ‚Çπ250 ‚Çπ250 ‚Çπ250 ‚Çπ250 ‚Çπ250 ‚Çπ250 ‚Çπ250 ‚Çπ250 ‚Çπ250 ‚Çπ250 ‚Çπ250 ‚Çπ250 ‚Çπ290 ‚Çπ290 ‚Çπ290 ‚Çπ30 ‚Çπ40 ‚Çπ40 ‚Çπ100 ‚Çπ180 ‚Çπ180 ‚Çπ260 ‚Çπ150 ‚Çπ125 ‚Çπ125 ‚Çπ150 ‚Çπ180 ‚Çπ200 ‚Çπ170 ‚Çπ200 ‚Çπ150 ‚Çπ150 ‚Çπ150 ‚Çπ150 ‚Çπ150 ‚Çπ150 ‚Çπ150 ‚Çπ150 ‚Çπ150 ‚Çπ150 ‚Çπ150 ‚Çπ150 ‚Çπ150 ‚Çπ150 ‚Çπ150 ‚Çπ180 ‚Çπ180 ‚Çπ180 ‚Çπ180 ‚Çπ180 ‚Çπ180 ‚Çπ180 ‚Çπ180 ‚Çπ180 ‚Çπ190 ‚Çπ190 ‚Çπ190 ‚Çπ200 ‚Çπ200 ‚Çπ250 ‚Çπ250 ‚Çπ50,Badam Kewra Ice Cream American Cookies Ice Cream American Nuts Ice Cream Vanilla Ice Cream French Fries Vanilla Choco Love Ice Cream Veggie Burger Warm Chocolate Truffle Pastry Cold Coffee Sugar Free Vanilla Ice Cream Strawberry Ice Cream Mango Tango Ice Cream Tooti Frooti Soft Beverage Ice Cream Chocolate Ice Cream Butterscotch Ice Cream Kaju Kishmish Ice Cream Badam Kewra Ice Cream Vanilla Choco Love Ice Cream Cookies N Cream Ice Cream Blackcurrant Ice Cream Chocolate Chips Ice Cream American Cookies Ice Cream Rose Fruit N Nuts Ice Cream Fruit Carnival Ice Cream Kesar Pista Ice Cream Rajbhog Ice Cream Chocolate Brownie Ice Cream Fruit Fiesta Ice Cream American Nuts Ice Cream Classic Maple With Nuts Ice Cream Hot Chocolates Fudge Ice Cream Chocolate Overload Ice Cream Oreo Ice Cream KitKat Ice Cream Blueberry Ice Cream Brownie Fudge Fantasy Ice Cream Caramel Banana Ice Cream Carmel Mocha Ice Cream Kiwi Waffle With Ice Cream Caramel Brownie Ice Cream Nutella Brownie Ice Cream Fruit Salad Waffle Ice Cream Fruit And Nut Waffle Ice Cream Ferrero Nutella Ice Cream Snickers Waffle Ice Cream Veggie Burger Thousand Island Burger Chilli Lava Burger Chipotle Burger Paneer Burger Crunchy Corn Burger Crispy Aloo Tikki Burger French Fries Smileys [5 Pieces] Peri Peri Crinkle Fries Cheesy Fries Butter Maggi Makhani Gravy Maggi Butter Veggie Maggi Banana Specialit Tak A Tak Sundae Kesar Pista Badam Sundae Caramel Mocha Sundae Caramel Brownie Sundae Jelly Belly Sundae Candy Shop Sundae Nutella Sundae Chocolate Overload Sundae Cappuccino Blast Sundae KitKat Sundae Oreo Cookies And Cream Sundae Brownie Fudge Fantasy Sundae Caramel Banana Sundae Mango Magic Seasonal Sundae Blueberry Sundae Mixed Berries Sundae Fruit And Nut Sundae Fruit Salad Sundae Sundae Nutells Brownie Sundae Ferrero Brownie Sundae Snickers Caramel Sundae Waffle Cone Waffle Cup Novelties Choco Waffle Cone Crazy Cone Nutty Naughty Cone Choco Naughty Cone Super Oreo KitKat Cone Cold Coffee With Ice Cream Warm Brownie Slice Warm Chocolate Truffle Pastry Warm Brownie With Choco Sauce Warm Brownie With Choco Sauce And Nuts Warm Brownie With Caramel Sauce And Nuts Warm Brownie With Nutella Warm Brownie With Nutella And Nuts Hot Chocolate Fudge Hcf Hard Scoop Sundae Danish Delite Hard Scoop Sundae Roasted Nut And Choco Sauce Hard Scoop Sundae Choco Chips Hard Scoop Sundae Butterscotch Bonanza Hard Scoop Sundae Tropical Pineapple Hard Scoop Sundae Fruit Salad Hard Scoop Sundae Fss Rainbow Coupe Hard Scoop Sundae Strawberry Surprise Hard Scoop Sundae Mango Magic Hard Scoop Sundae Cookies N Cream Hard Scoop Sundae Oreo Hard Scoop Sundae Chocolate Gems Hard Scoop Sundae Blackcurrant Hard Scoop Sundae Strawbeery Jelly Hard Scoop Sundae Naughty Nutella Hard Scoop Sundae American Banana Specialit Hard Scoop Sundae Kesar Pista Badam Hard Scoop Sundae Fruit And Nuts Hard Scoop Sundae Brownie Fudge Fantasy Bff Hard Scoop Sundae Blueberry Hard Scoop Sundae Caramel Chocochips Hard Scoop Sundae Caramel Butterscoth Hard Scoop Sundae Caramel Mocha Hard Scoop Sundae Nutella Brownie Hard Scoop Sundae Caramel Brownie Hard Scoop Sundae Mixed Berries Hard Scoop Sundae Creat Your Own Hard Scoop Sundae Whole Brownie Hard Scoop Sundae Bulls Eye Ebony And Ivory Hard Scoop Sundae Death By Chocolate Dbc Hard Scoop Sundae Hot Coffee
Anupum Vaishno Bhojnalaya,"Quick Bites
                                    Cost for two: ‚Çπ500","Vishnu Garden, Janakpuri, New Delhi.",2.2,26 visits,‚Çπ140 ‚Çπ45 ‚Çπ110 ‚Çπ125 ‚Çπ140 ‚Çπ140 ‚Çπ160 ‚Çπ180 ‚Çπ210 ‚Çπ140 ‚Çπ160 ‚Çπ140 ‚Çπ210 ‚Çπ180 ‚Çπ110 ‚Çπ140 ‚Çπ140 ‚Çπ125 ‚Çπ125 ‚Çπ15 ‚Çπ45 ‚Çπ20 ‚Çπ70 ‚Çπ70 ‚Çπ90 ‚Çπ90 ‚Çπ140 ‚Çπ140,Matar Paneer Laccha Parantha Kadhi Pakoda Rajma Rice Shahi Paneer Dal Fry Kadai Paneer Paneer Butter Masala Paneer Bhurji Matar Paneer Kadai Paneer Shahi Paneer Paneer Bhurji Paneer Butter Masala Kadhi Pakoda Dal Fry Palak Paneer Rajma Rice Kadhi Rice Tandoori Roti Laccha Parantha Butter Roti Pyaz Paratha Aloo Parantha Paneer Parantha Plain Rice Pulao Jeera Rice
Cake 24X7,"Bakery
                                    Cost for two: ‚Çπ900","Khan Market, Connaught Place (Cp), New Delhi.",5.0,1 visits,‚Çπ600 ‚Çπ575 ‚Çπ575 ‚Çπ575 ‚Çπ575 ‚Çπ575 ‚Çπ575 ‚Çπ575 ‚Çπ575 ‚Çπ575 ‚Çπ575 ‚Çπ575 ‚Çπ1550 ‚Çπ1550 ‚Çπ1550 ‚Çπ1550,
The Delicious Bites,"Budget Eats
                                    Cost for two: ‚Çπ350","Sector 23, Dwarka, New Delhi.",3.8,23 visits,‚Çπ150 ‚Çπ150 ‚Çπ315 ‚Çπ100 ‚Çπ120 ‚Çπ150 ‚Çπ175 ‚Çπ190.4762 ‚Çπ200 ‚Çπ200 ‚Çπ250 ‚Çπ275 ‚Çπ250 ‚Çπ270 ‚Çπ200 ‚Çπ240 ‚Çπ300 ‚Çπ299 ‚Çπ295 ‚Çπ285 ‚Çπ299 ‚Çπ190 ‚Çπ175 ‚Çπ275 ‚Çπ225 ‚Çπ225 ‚Çπ275 ‚Çπ250 ‚Çπ255 ‚Çπ250 ‚Çπ150 ‚Çπ375 ‚Çπ175 ‚Çπ375 ‚Çπ350 ‚Çπ450 ‚Çπ300 ‚Çπ350 ‚Çπ225 ‚Çπ190 ‚Çπ210 ‚Çπ250 ‚Çπ225 ‚Çπ170 ‚Çπ225 ‚Çπ190.4762 ‚Çπ230 ‚Çπ210 ‚Çπ140 ‚Çπ210 ‚Çπ200 ‚Çπ210 ‚Çπ160 ‚Çπ225 ‚Çπ285 ‚Çπ140 ‚Çπ140 ‚Çπ210 ‚Çπ180 ‚Çπ190 ‚Çπ265 ‚Çπ150 ‚Çπ80 ‚Çπ80 ‚Çπ130 ‚Çπ120 ‚Çπ150 ‚Çπ130 ‚Çπ150 ‚Çπ160 ‚Çπ175 ‚Çπ150 ‚Çπ125 ‚Çπ180 ‚Çπ130 ‚Çπ150 ‚Çπ150 ‚Çπ150 ‚Çπ150 ‚Çπ100 ‚Çπ180 ‚Çπ125 ‚Çπ75 ‚Çπ160 ‚Çπ200 ‚Çπ100 ‚Çπ130 ‚Çπ130 ‚Çπ175 ‚Çπ250 ‚Çπ250 ‚Çπ250 ‚Çπ150 ‚Çπ200 ‚Çπ200 ‚Çπ200 ‚Çπ200 ‚Çπ200 ‚Çπ175 ‚Çπ200 ‚Çπ200 ‚Çπ85 ‚Çπ115 ‚Çπ40 ‚Çπ45 ‚Çπ25 ‚Çπ55 ‚Çπ65 ‚Çπ55 ‚Çπ20 ‚Çπ15 ‚Çπ85 ‚Çπ225 ‚Çπ115 ‚Çπ375 ‚Çπ125 ‚Çπ315 ‚Çπ175 ‚Çπ200 ‚Çπ225 ‚Çπ155 ‚Çπ175 ‚Çπ175 ‚Çπ250 ‚Çπ250 ‚Çπ250 ‚Çπ250 ‚Çπ250 ‚Çπ230 ‚Çπ175 ‚Çπ200 ‚Çπ150 ‚Çπ150 ‚Çπ230 ‚Çπ160 ‚Çπ150 ‚Çπ175 ‚Çπ200 ‚Çπ160 ‚Çπ275 ‚Çπ200 ‚Çπ100 ‚Çπ160 ‚Çπ175 ‚Çπ175 ‚Çπ200 ‚Çπ100 ‚Çπ275 ‚Çπ100 ‚Çπ120 ‚Çπ100 ‚Çπ125 ‚Çπ150 ‚Çπ25 ‚Çπ150 ‚Çπ225 ‚Çπ125 ‚Çπ250 ‚Çπ125 ‚Çπ125 ‚Çπ150 ‚Çπ250 ‚Çπ250 ‚Çπ125 ‚Çπ200 ‚Çπ200 ‚Çπ150 ‚Çπ200 ‚Çπ200 ‚Çπ170 ‚Çπ150 ‚Çπ175 ‚Çπ150 ‚Çπ125 ‚Çπ90 ‚Çπ70 ‚Çπ70 ‚Çπ40,
